title,company,location,mode,url
AI Engineer - FDE (Forward Deployed Engineer),databricks,"Paris, France",remote,https://databricks.com/company/careers/open-positions/job?gh_jid=8154465002
AI Engineer - FDE (Forward Deployed Engineer),databricks,Madrid; Remote - Spain,remote,https://databricks.com/company/careers/open-positions/job?gh_jid=8154466002
AI Engineer - FDE (Forward Deployed Engineer),databricks,United States,remote,https://databricks.com/company/careers/open-positions/job?gh_jid=8024010002
AI Engineer - FDE (Forward Deployed Engineer),databricks,Remote - United Kingdom,remote,https://databricks.com/company/careers/open-positions/job?gh_jid=8134190002
AI Engineer - FDE (Forward Deployed Engineer),databricks,Remote - India,remote,https://databricks.com/company/careers/open-positions/job?gh_jid=7968887002
AI Engineer - FDE (Forward Deployed Engineer),databricks,Remote - Netherlands,remote,https://databricks.com/company/careers/open-positions/job?gh_jid=8154464002
"Big Data Manager, Professional Services",databricks,Remote - India,remote,https://databricks.com/company/careers/open-positions/job?gh_jid=8081662002
"Engineering Manager- AI OSS Ecosystem, Singapore",databricks,Singapore,remote,https://databricks.com/company/careers/open-positions/job?gh_jid=7917530002
Engineering Manager - Backend,databricks,"Bengaluru, India",remote,https://databricks.com/company/careers/open-positions/job?gh_jid=7439442002
Engineering Manager - Backend,databricks,"Aarhus, Denmark",remote,https://databricks.com/company/careers/open-positions/job?gh_jid=7766174002
Engineering Manager - Core Experiences,databricks,"Bengaluru, India",remote,https://databricks.com/company/careers/open-positions/job?gh_jid=7006090002
Engineering Manager - Data + AI Observability,databricks,"Bengaluru, India",remote,https://databricks.com/company/careers/open-positions/job?gh_jid=7884603002
Engineering Manager - Money (Gatekeeper),databricks,"Bengaluru, India",remote,https://databricks.com/company/careers/open-positions/job?gh_jid=7676232002
Engineering Manager - Release and Deployment Infrastructure,databricks,"Mountain View, California",remote,https://databricks.com/company/careers/open-positions/job?gh_jid=6956845002
Engineering Manager - UI Platform,databricks,"Bellevue, Washington",remote,https://databricks.com/company/careers/open-positions/job?gh_jid=8013809002
Enterprise Account Executive (Core Accounts - Central Government Benelux),databricks,"Amsterdam, Netherlands",remote,https://databricks.com/company/careers/open-positions/job?gh_jid=7949868002
Enterprise Account Executive (Core Accounts - EU Institutions),databricks,"Amsterdam, Netherlands",remote,https://databricks.com/company/careers/open-positions/job?gh_jid=7841383002
Enterprise Account Executive (Core Accounts - Healthcare),databricks,"Amsterdam, Netherlands",remote,https://databricks.com/company/careers/open-positions/job?gh_jid=7887504002
Enterprise Account Executive (Core Accounts - Poland),databricks,"Munich, Germany",remote,https://databricks.com/company/careers/open-positions/job?gh_jid=7859719002
Enterprise Account Executive (Core Accounts - Poland),databricks,"London, United Kingdom",remote,https://databricks.com/company/careers/open-positions/job?gh_jid=7859706002
